source_id,source_type,relationship,target_id,target_type,source_record_id,confidence
P001,PERSON,USES_PHONE,PH001,PHONE,PH001,1.0
P002,PERSON,USES_PHONE,PH002,PHONE,PH002,1.0
P003,PERSON,USES_PHONE,PH003,PHONE,PH003,1.0
P004,PERSON,USES_PHONE,PH004,PHONE,PH004,1.0
P005,PERSON,USES_PHONE,PH005,PHONE,PH005,1.0
P006,PERSON,USES_PHONE,PH006,PHONE,PH006,1.0
P007,PERSON,USES_PHONE,PH007,PHONE,PH007,1.0
P008,PERSON,USES_PHONE,PH008,PHONE,PH008,1.0
P009,PERSON,USES_PHONE,PH009,PHONE,PH009,1.0
P010,PERSON,USES_PHONE,PH010,PHONE,PH010,1.0
P011,PERSON,USES_PHONE,PH011,PHONE,PH011,1.0
P012,PERSON,USES_PHONE,PH012,PHONE,PH012,1.0
P013,PERSON,USES_PHONE,PH013,PHONE,PH013,1.0
P014,PERSON,USES_PHONE,PH014,PHONE,PH014,1.0
P015,PERSON,USES_PHONE,PH015,PHONE,PH015,1.0
P016,PERSON,USES_PHONE,PH016,PHONE,PH016,1.0
P017,PERSON,USES_PHONE,PH017,PHONE,PH017,1.0
P018,PERSON,USES_PHONE,PH018,PHONE,PH018,1.0
P019,PERSON,USES_PHONE,PH019,PHONE,PH019,1.0
P020,PERSON,USES_PHONE,PH020,PHONE,PH020,1.0
P021,PERSON,USES_PHONE,PH021,PHONE,PH021,1.0
P022,PERSON,USES_PHONE,PH022,PHONE,PH022,1.0
P023,PERSON,USES_PHONE,PH023,PHONE,PH023,1.0
P024,PERSON,USES_PHONE,PH024,PHONE,PH024,1.0
P025,PERSON,USES_PHONE,PH025,PHONE,PH025,1.0
P026,PERSON,USES_PHONE,PH026,PHONE,PH026,1.0
P027,PERSON,USES_PHONE,PH027,PHONE,PH027,1.0
P028,PERSON,USES_PHONE,PH028,PHONE,PH028,1.0
P029,PERSON,USES_PHONE,PH029,PHONE,PH029,1.0
P030,PERSON,USES_PHONE,PH030,PHONE,PH030,1.0
P031,PERSON,USES_PHONE,PH031,PHONE,PH031,1.0
P032,PERSON,USES_PHONE,PH032,PHONE,PH032,1.0
P033,PERSON,USES_PHONE,PH033,PHONE,PH033,1.0
P034,PERSON,USES_PHONE,PH034,PHONE,PH034,1.0
P035,PERSON,USES_PHONE,PH035,PHONE,PH035,1.0
P036,PERSON,USES_PHONE,PH036,PHONE,PH036,1.0
P037,PERSON,USES_PHONE,PH037,PHONE,PH037,1.0
P038,PERSON,USES_PHONE,PH038,PHONE,PH038,1.0
P039,PERSON,USES_PHONE,PH039,PHONE,PH039,1.0
P040,PERSON,USES_PHONE,PH040,PHONE,PH040,1.0
P041,PERSON,USES_PHONE,PH041,PHONE,PH041,1.0
P042,PERSON,USES_PHONE,PH042,PHONE,PH042,1.0
P043,PERSON,USES_PHONE,PH043,PHONE,PH043,1.0
P044,PERSON,USES_PHONE,PH044,PHONE,PH044,1.0
P045,PERSON,USES_PHONE,PH045,PHONE,PH045,1.0
P046,PERSON,USES_PHONE,PH046,PHONE,PH046,1.0
P047,PERSON,USES_PHONE,PH047,PHONE,PH047,1.0
P048,PERSON,USES_PHONE,PH048,PHONE,PH048,1.0
P049,PERSON,USES_PHONE,PH049,PHONE,PH049,1.0
P050,PERSON,USES_PHONE,PH050,PHONE,PH050,1.0
P051,PERSON,USES_PHONE,PH051,PHONE,PH051,1.0
P052,PERSON,USES_PHONE,PH052,PHONE,PH052,1.0
P053,PERSON,USES_PHONE,PH053,PHONE,PH053,1.0
P054,PERSON,USES_PHONE,PH054,PHONE,PH054,1.0
P055,PERSON,USES_PHONE,PH055,PHONE,PH055,1.0
P056,PERSON,USES_PHONE,PH056,PHONE,PH056,1.0
P057,PERSON,USES_PHONE,PH057,PHONE,PH057,1.0
P058,PERSON,USES_PHONE,PH058,PHONE,PH058,1.0
P059,PERSON,USES_PHONE,PH059,PHONE,PH059,1.0
P060,PERSON,USES_PHONE,PH060,PHONE,PH060,1.0
P001,PERSON,OWNS_ACCOUNT,ACC001,ACCOUNT,ACC001,1.0
P003,PERSON,OWNS_ACCOUNT,ACC002,ACCOUNT,ACC002,1.0
P005,PERSON,OWNS_ACCOUNT,ACC003,ACCOUNT,ACC003,1.0
P007,PERSON,OWNS_ACCOUNT,ACC004,ACCOUNT,ACC004,1.0
P009,PERSON,OWNS_ACCOUNT,ACC005,ACCOUNT,ACC005,1.0
P011,PERSON,OWNS_ACCOUNT,ACC006,ACCOUNT,ACC006,1.0
P013,PERSON,OWNS_ACCOUNT,ACC007,ACCOUNT,ACC007,1.0
P015,PERSON,OWNS_ACCOUNT,ACC008,ACCOUNT,ACC008,1.0
P017,PERSON,OWNS_ACCOUNT,ACC009,ACCOUNT,ACC009,1.0
P019,PERSON,OWNS_ACCOUNT,ACC010,ACCOUNT,ACC010,1.0
P021,PERSON,OWNS_ACCOUNT,ACC011,ACCOUNT,ACC011,1.0
P023,PERSON,OWNS_ACCOUNT,ACC012,ACCOUNT,ACC012,1.0
P025,PERSON,OWNS_ACCOUNT,ACC013,ACCOUNT,ACC013,1.0
P027,PERSON,OWNS_ACCOUNT,ACC014,ACCOUNT,ACC014,1.0
P029,PERSON,OWNS_ACCOUNT,ACC015,ACCOUNT,ACC015,1.0
P031,PERSON,OWNS_ACCOUNT,ACC016,ACCOUNT,ACC016,1.0
P033,PERSON,OWNS_ACCOUNT,ACC017,ACCOUNT,ACC017,1.0
P035,PERSON,OWNS_ACCOUNT,ACC018,ACCOUNT,ACC018,1.0
P037,PERSON,OWNS_ACCOUNT,ACC019,ACCOUNT,ACC019,1.0
P039,PERSON,OWNS_ACCOUNT,ACC020,ACCOUNT,ACC020,1.0
P041,PERSON,OWNS_ACCOUNT,ACC021,ACCOUNT,ACC021,1.0
P043,PERSON,OWNS_ACCOUNT,ACC022,ACCOUNT,ACC022,1.0
P045,PERSON,OWNS_ACCOUNT,ACC023,ACCOUNT,ACC023,1.0
P047,PERSON,OWNS_ACCOUNT,ACC024,ACCOUNT,ACC024,1.0
P049,PERSON,OWNS_ACCOUNT,ACC025,ACCOUNT,ACC025,1.0
P051,PERSON,OWNS_ACCOUNT,ACC026,ACCOUNT,ACC026,1.0
P053,PERSON,OWNS_ACCOUNT,ACC027,ACCOUNT,ACC027,1.0
P055,PERSON,OWNS_ACCOUNT,ACC028,ACCOUNT,ACC028,1.0
P057,PERSON,OWNS_ACCOUNT,ACC029,ACCOUNT,ACC029,1.0
P059,PERSON,OWNS_ACCOUNT,ACC030,ACCOUNT,ACC030,1.0
P061,PERSON,OWNS_ACCOUNT,ACC031,ACCOUNT,ACC031,1.0
P063,PERSON,OWNS_ACCOUNT,ACC032,ACCOUNT,ACC032,1.0
P065,PERSON,OWNS_ACCOUNT,ACC033,ACCOUNT,ACC033,1.0
P067,PERSON,OWNS_ACCOUNT,ACC034,ACCOUNT,ACC034,1.0
P069,PERSON,OWNS_ACCOUNT,ACC035,ACCOUNT,ACC035,1.0
P071,PERSON,OWNS_ACCOUNT,ACC036,ACCOUNT,ACC036,1.0
P073,PERSON,OWNS_ACCOUNT,ACC037,ACCOUNT,ACC037,1.0
P075,PERSON,OWNS_ACCOUNT,ACC038,ACCOUNT,ACC038,1.0
P077,PERSON,OWNS_ACCOUNT,ACC039,ACCOUNT,ACC039,1.0
P079,PERSON,OWNS_ACCOUNT,ACC040,ACCOUNT,ACC040,1.0
P002,PERSON,OWNS_VEHICLE,VH001,VEHICLE,VH001,1.0
P005,PERSON,OWNS_VEHICLE,VH002,VEHICLE,VH002,1.0
P008,PERSON,OWNS_VEHICLE,VH003,VEHICLE,VH003,1.0
P011,PERSON,OWNS_VEHICLE,VH004,VEHICLE,VH004,1.0
P014,PERSON,OWNS_VEHICLE,VH005,VEHICLE,VH005,1.0
P017,PERSON,OWNS_VEHICLE,VH006,VEHICLE,VH006,1.0
P020,PERSON,OWNS_VEHICLE,VH007,VEHICLE,VH007,1.0
P023,PERSON,OWNS_VEHICLE,VH008,VEHICLE,VH008,1.0
P026,PERSON,OWNS_VEHICLE,VH009,VEHICLE,VH009,1.0
P029,PERSON,OWNS_VEHICLE,VH010,VEHICLE,VH010,1.0
P032,PERSON,OWNS_VEHICLE,VH011,VEHICLE,VH011,1.0
P035,PERSON,OWNS_VEHICLE,VH012,VEHICLE,VH012,1.0
P038,PERSON,OWNS_VEHICLE,VH013,VEHICLE,VH013,1.0
P041,PERSON,OWNS_VEHICLE,VH014,VEHICLE,VH014,1.0
P044,PERSON,OWNS_VEHICLE,VH015,VEHICLE,VH015,1.0
P047,PERSON,OWNS_VEHICLE,VH016,VEHICLE,VH016,1.0
P050,PERSON,OWNS_VEHICLE,VH017,VEHICLE,VH017,1.0
P053,PERSON,OWNS_VEHICLE,VH018,VEHICLE,VH018,1.0
P056,PERSON,OWNS_VEHICLE,VH019,VEHICLE,VH019,1.0
P059,PERSON,OWNS_VEHICLE,VH020,VEHICLE,VH020,1.0
P062,PERSON,OWNS_VEHICLE,VH021,VEHICLE,VH021,1.0
P065,PERSON,OWNS_VEHICLE,VH022,VEHICLE,VH022,1.0
P068,PERSON,OWNS_VEHICLE,VH023,VEHICLE,VH023,1.0
P071,PERSON,OWNS_VEHICLE,VH024,VEHICLE,VH024,1.0
P074,PERSON,OWNS_VEHICLE,VH025,VEHICLE,VH025,1.0
P077,PERSON,OWNS_VEHICLE,VH026,VEHICLE,VH026,1.0
P080,PERSON,OWNS_VEHICLE,VH027,VEHICLE,VH027,1.0
P083,PERSON,OWNS_VEHICLE,VH028,VEHICLE,VH028,1.0
P086,PERSON,OWNS_VEHICLE,VH029,VEHICLE,VH029,1.0
P089,PERSON,OWNS_VEHICLE,VH030,VEHICLE,VH030,1.0
P092,PERSON,OWNS_VEHICLE,VH031,VEHICLE,VH031,1.0
P095,PERSON,OWNS_VEHICLE,VH032,VEHICLE,VH032,1.0
P098,PERSON,OWNS_VEHICLE,VH033,VEHICLE,VH033,1.0
P001,PERSON,OWNS_VEHICLE,VH034,VEHICLE,VH034,1.0
P004,PERSON,OWNS_VEHICLE,VH035,VEHICLE,VH035,1.0
P007,PERSON,OWNS_VEHICLE,VH036,VEHICLE,VH036,1.0
P010,PERSON,OWNS_VEHICLE,VH037,VEHICLE,VH037,1.0
P013,PERSON,OWNS_VEHICLE,VH038,VEHICLE,VH038,1.0
P016,PERSON,OWNS_VEHICLE,VH039,VEHICLE,VH039,1.0
P019,PERSON,OWNS_VEHICLE,VH040,VEHICLE,VH040,1.0
P075,PERSON,CALLS,P082,PERSON,CALL0001,0.98
P066,PERSON,CALLS,P069,PERSON,CALL0002,0.98
P055,PERSON,CALLS,P049,PERSON,CALL0003,0.98
P068,PERSON,CALLS,P066,PERSON,CALL0004,0.98
P056,PERSON,CALLS,P055,PERSON,CALL0005,0.98
P032,PERSON,CALLS,P025,PERSON,CALL0006,0.98
P029,PERSON,CALLS,P036,PERSON,CALL0007,0.98
P011,PERSON,CALLS,P004,PERSON,CALL0008,0.98
P019,PERSON,CALLS,P022,PERSON,CALL0009,0.98
P046,PERSON,CALLS,P040,PERSON,CALL0010,0.98
P010,PERSON,CALLS,P009,PERSON,CALL0011,0.98
P093,PERSON,CALLS,P100,PERSON,CALL0012,0.98
P038,PERSON,CALLS,P041,PERSON,CALL0013,0.98
P053,PERSON,CALLS,P060,PERSON,CALL0014,0.98
P090,PERSON,CALLS,P099,PERSON,CALL0015,0.98
P084,PERSON,CALLS,P076,PERSON,CALL0016,0.98
P045,PERSON,CALLS,P040,PERSON,CALL0017,0.98
P018,PERSON,CALLS,P021,PERSON,CALL0018,0.98
P055,PERSON,CALLS,P051,PERSON,CALL0019,0.98
P045,PERSON,CALLS,P044,PERSON,CALL0020,0.98
P050,PERSON,CALLS,P056,PERSON,CALL0021,0.98
P073,PERSON,CALLS,P075,PERSON,CALL0022,0.98
P021,PERSON,CALLS,P014,PERSON,CALL0023,0.98
P036,PERSON,CALLS,P031,PERSON,CALL0024,0.98
P025,PERSON,CALLS,P026,PERSON,CALL0025,0.98
P073,PERSON,CALLS,P076,PERSON,CALL0026,0.98
P087,PERSON,CALLS,P094,PERSON,CALL0027,0.98
P090,PERSON,CALLS,P093,PERSON,CALL0028,0.98
P005,PERSON,CALLS,P010,PERSON,CALL0029,0.98
P031,PERSON,CALLS,P028,PERSON,CALL0030,0.98
P027,PERSON,CALLS,P032,PERSON,CALL0031,0.98
P026,PERSON,CALLS,P032,PERSON,CALL0032,0.98
P002,PERSON,CALLS,P007,PERSON,CALL0033,0.98
P046,PERSON,CALLS,P048,PERSON,CALL0034,0.98
P032,PERSON,CALLS,P031,PERSON,CALL0035,0.98
P014,PERSON,CALLS,P019,PERSON,CALL0036,0.98
P087,PERSON,CALLS,P099,PERSON,CALL0037,0.98
P023,PERSON,CALLS,P014,PERSON,CALL0038,0.98
P077,PERSON,CALLS,P080,PERSON,CALL0039,0.98
P069,PERSON,CALLS,P065,PERSON,CALL0040,0.98
P013,PERSON,CALLS,P014,PERSON,CALL0041,0.98
P063,PERSON,CALLS,P065,PERSON,CALL0042,0.98
P016,PERSON,CALLS,P024,PERSON,CALL0043,0.98
P054,PERSON,CALLS,P050,PERSON,CALL0044,0.98
P026,PERSON,CALLS,P025,PERSON,CALL0045,0.98
P060,PERSON,CALLS,P057,PERSON,CALL0046,0.98
P082,PERSON,CALLS,P073,PERSON,CALL0047,0.98
P018,PERSON,CALLS,P014,PERSON,CALL0048,0.98
P089,PERSON,CALLS,P087,PERSON,CALL0049,0.98
P093,PERSON,CALLS,P089,PERSON,CALL0050,0.98
P055,PERSON,CALLS,P050,PERSON,CALL0051,0.98
P021,PERSON,CALLS,P018,PERSON,CALL0052,0.98
P024,PERSON,CALLS,P021,PERSON,CALL0053,0.98
P083,PERSON,CALLS,P073,PERSON,CALL0054,0.98
P034,PERSON,CALLS,P030,PERSON,CALL0055,0.98
P060,PERSON,CALLS,P059,PERSON,CALL0056,0.98
P005,PERSON,CALLS,P012,PERSON,CALL0057,0.98
P076,PERSON,CALLS,P078,PERSON,CALL0058,0.98
P096,PERSON,CALLS,P098,PERSON,CALL0059,0.98
P006,PERSON,CALLS,P008,PERSON,CALL0060,0.98
P028,PERSON,CALLS,P036,PERSON,CALL0061,0.98
P014,PERSON,CALLS,P016,PERSON,CALL0062,0.98
P049,PERSON,CALLS,P057,PERSON,CALL0063,0.98
P006,PERSON,CALLS,P008,PERSON,CALL0064,0.98
P076,PERSON,CALLS,P084,PERSON,CALL0065,0.98
P079,PERSON,CALLS,P073,PERSON,CALL0066,0.98
P015,PERSON,CALLS,P020,PERSON,CALL0067,0.98
P001,PERSON,CALLS,P005,PERSON,CALL0068,0.98
P011,PERSON,CALLS,P002,PERSON,CALL0069,0.98
P011,PERSON,CALLS,P010,PERSON,CALL0070,0.98
P079,PERSON,CALLS,P082,PERSON,CALL0071,0.98
P062,PERSON,CALLS,P070,PERSON,CALL0072,0.98
P083,PERSON,CALLS,P078,PERSON,CALL0073,0.98
P016,PERSON,CALLS,P013,PERSON,CALL0074,0.98
P044,PERSON,CALLS,P039,PERSON,CALL0075,0.98
P064,PERSON,CALLS,P066,PERSON,CALL0076,0.98
P034,PERSON,CALLS,P036,PERSON,CALL0077,0.98
P076,PERSON,CALLS,P078,PERSON,CALL0078,0.98
P063,PERSON,CALLS,P070,PERSON,CALL0079,0.98
P004,PERSON,CALLS,P003,PERSON,CALL0080,0.98
P060,PERSON,CALLS,P051,PERSON,CALL0081,0.98
P060,PERSON,CALLS,P064,PERSON,CALL0082,0.98
P020,PERSON,CALLS,P053,PERSON,CALL0083,0.98
P080,PERSON,CALLS,P017,PERSON,CALL0084,0.98
P080,PERSON,CALLS,P100,PERSON,CALL0085,0.98
P040,PERSON,CALLS,P073,PERSON,CALL0086,0.98
P060,PERSON,CALLS,P017,PERSON,CALL0087,0.98
P060,PERSON,CALLS,P048,PERSON,CALL0088,0.98
P080,PERSON,CALLS,P093,PERSON,CALL0089,0.98
P060,PERSON,CALLS,P014,PERSON,CALL0090,0.98
P020,PERSON,CALLS,P073,PERSON,CALL0091,0.98
P040,PERSON,CALLS,P093,PERSON,CALL0092,0.98
P040,PERSON,CALLS,P074,PERSON,CALL0093,0.98
P040,PERSON,CALLS,P080,PERSON,CALL0094,0.98
P020,PERSON,CALLS,P097,PERSON,CALL0095,0.98
P040,PERSON,CALLS,P074,PERSON,CALL0096,0.98
P060,PERSON,CALLS,P095,PERSON,CALL0097,0.98
P040,PERSON,CALLS,P014,PERSON,CALL0098,0.98
P060,PERSON,CALLS,P085,PERSON,CALL0099,0.98
P080,PERSON,CALLS,P088,PERSON,CALL0100,0.98
ACC024,ACCOUNT,TRANSFERS_TO,ACC002,ACCOUNT,TXN0001,1.0
ACC019,ACCOUNT,TRANSFERS_TO,ACC029,ACCOUNT,TXN0002,1.0
ACC019,ACCOUNT,TRANSFERS_TO,ACC013,ACCOUNT,TXN0003,1.0
ACC037,ACCOUNT,TRANSFERS_TO,ACC030,ACCOUNT,TXN0004,1.0
ACC040,ACCOUNT,TRANSFERS_TO,ACC002,ACCOUNT,TXN0005,1.0
ACC034,ACCOUNT,TRANSFERS_TO,ACC002,ACCOUNT,TXN0006,1.0
ACC027,ACCOUNT,TRANSFERS_TO,ACC006,ACCOUNT,TXN0007,1.0
ACC036,ACCOUNT,TRANSFERS_TO,ACC035,ACCOUNT,TXN0008,1.0
ACC006,ACCOUNT,TRANSFERS_TO,ACC035,ACCOUNT,TXN0009,1.0
ACC037,ACCOUNT,TRANSFERS_TO,ACC012,ACCOUNT,TXN0010,1.0
ACC001,ACCOUNT,TRANSFERS_TO,ACC007,ACCOUNT,TXN0011,1.0
ACC033,ACCOUNT,TRANSFERS_TO,ACC039,ACCOUNT,TXN0012,1.0
ACC003,ACCOUNT,TRANSFERS_TO,ACC027,ACCOUNT,TXN0013,1.0
ACC031,ACCOUNT,TRANSFERS_TO,ACC034,ACCOUNT,TXN0014,1.0
ACC002,ACCOUNT,TRANSFERS_TO,ACC019,ACCOUNT,TXN0015,1.0
ACC021,ACCOUNT,TRANSFERS_TO,ACC022,ACCOUNT,TXN0016,1.0
ACC035,ACCOUNT,TRANSFERS_TO,ACC018,ACCOUNT,TXN0017,1.0
ACC008,ACCOUNT,TRANSFERS_TO,ACC001,ACCOUNT,TXN0018,1.0
ACC040,ACCOUNT,TRANSFERS_TO,ACC030,ACCOUNT,TXN0019,1.0
ACC025,ACCOUNT,TRANSFERS_TO,ACC001,ACCOUNT,TXN0020,1.0
ACC029,ACCOUNT,TRANSFERS_TO,ACC017,ACCOUNT,TXN0021,1.0
ACC008,ACCOUNT,TRANSFERS_TO,ACC016,ACCOUNT,TXN0022,1.0
ACC032,ACCOUNT,TRANSFERS_TO,ACC011,ACCOUNT,TXN0023,1.0
ACC006,ACCOUNT,TRANSFERS_TO,ACC010,ACCOUNT,TXN0024,1.0
ACC024,ACCOUNT,TRANSFERS_TO,ACC022,ACCOUNT,TXN0025,1.0
ACC038,ACCOUNT,TRANSFERS_TO,ACC007,ACCOUNT,TXN0026,1.0
ACC017,ACCOUNT,TRANSFERS_TO,ACC037,ACCOUNT,TXN0027,1.0
ACC006,ACCOUNT,TRANSFERS_TO,ACC038,ACCOUNT,TXN0028,1.0
ACC018,ACCOUNT,TRANSFERS_TO,ACC032,ACCOUNT,TXN0029,1.0
ACC017,ACCOUNT,TRANSFERS_TO,ACC007,ACCOUNT,TXN0030,1.0
ACC024,ACCOUNT,TRANSFERS_TO,ACC025,ACCOUNT,TXN0031,1.0
ACC017,ACCOUNT,TRANSFERS_TO,ACC020,ACCOUNT,TXN0032,1.0
ACC023,ACCOUNT,TRANSFERS_TO,ACC015,ACCOUNT,TXN0033,1.0
ACC026,ACCOUNT,TRANSFERS_TO,ACC024,ACCOUNT,TXN0034,1.0
ACC032,ACCOUNT,TRANSFERS_TO,ACC014,ACCOUNT,TXN0035,1.0
ACC026,ACCOUNT,TRANSFERS_TO,ACC022,ACCOUNT,TXN0036,1.0
ACC030,ACCOUNT,TRANSFERS_TO,ACC023,ACCOUNT,TXN0037,1.0
ACC021,ACCOUNT,TRANSFERS_TO,ACC030,ACCOUNT,TXN0038,1.0
ACC013,ACCOUNT,TRANSFERS_TO,ACC021,ACCOUNT,TXN0039,1.0
ACC005,ACCOUNT,TRANSFERS_TO,ACC003,ACCOUNT,TXN0040,1.0
ACC003,ACCOUNT,TRANSFERS_TO,ACC004,ACCOUNT,TXN0041,1.0
ACC007,ACCOUNT,TRANSFERS_TO,ACC030,ACCOUNT,TXN0042,1.0
ACC001,ACCOUNT,TRANSFERS_TO,ACC018,ACCOUNT,TXN0043,1.0
ACC015,ACCOUNT,TRANSFERS_TO,ACC029,ACCOUNT,TXN0044,1.0
ACC005,ACCOUNT,TRANSFERS_TO,ACC021,ACCOUNT,TXN0045,1.0
ACC040,ACCOUNT,TRANSFERS_TO,ACC018,ACCOUNT,TXN0046,1.0
ACC028,ACCOUNT,TRANSFERS_TO,ACC006,ACCOUNT,TXN0047,1.0
ACC026,ACCOUNT,TRANSFERS_TO,ACC014,ACCOUNT,TXN0048,1.0
ACC022,ACCOUNT,TRANSFERS_TO,ACC019,ACCOUNT,TXN0049,1.0
ACC034,ACCOUNT,TRANSFERS_TO,ACC037,ACCOUNT,TXN0050,1.0
ACC034,ACCOUNT,TRANSFERS_TO,ACC033,ACCOUNT,TXN0051,1.0
ACC018,ACCOUNT,TRANSFERS_TO,ACC034,ACCOUNT,TXN0052,1.0
ACC031,ACCOUNT,TRANSFERS_TO,ACC002,ACCOUNT,TXN0053,1.0
ACC007,ACCOUNT,TRANSFERS_TO,ACC013,ACCOUNT,TXN0054,1.0
ACC002,ACCOUNT,TRANSFERS_TO,ACC026,ACCOUNT,TXN0055,1.0
ACC001,ACCOUNT,TRANSFERS_TO,ACC040,ACCOUNT,TXN0056,1.0
ACC001,ACCOUNT,TRANSFERS_TO,ACC011,ACCOUNT,TXN0057,1.0
ACC001,ACCOUNT,TRANSFERS_TO,ACC023,ACCOUNT,TXN0058,1.0
ACC001,ACCOUNT,TRANSFERS_TO,ACC025,ACCOUNT,TXN0059,1.0
ACC001,ACCOUNT,TRANSFERS_TO,ACC036,ACCOUNT,TXN0060,1.0
ACC001,ACCOUNT,TRANSFERS_TO,ACC022,ACCOUNT,TXN0061,1.0
ACC001,ACCOUNT,TRANSFERS_TO,ACC018,ACCOUNT,TXN0062,1.0
ACC001,ACCOUNT,TRANSFERS_TO,ACC016,ACCOUNT,TXN0063,1.0
ACC001,ACCOUNT,TRANSFERS_TO,ACC021,ACCOUNT,TXN0064,1.0
ACC001,ACCOUNT,TRANSFERS_TO,ACC026,ACCOUNT,TXN0065,1.0
ACC001,ACCOUNT,TRANSFERS_TO,ACC013,ACCOUNT,TXN0066,1.0
ACC001,ACCOUNT,TRANSFERS_TO,ACC028,ACCOUNT,TXN0067,1.0
ACC001,ACCOUNT,TRANSFERS_TO,ACC023,ACCOUNT,TXN0068,1.0
ACC001,ACCOUNT,TRANSFERS_TO,ACC022,ACCOUNT,TXN0069,1.0
ACC001,ACCOUNT,TRANSFERS_TO,ACC036,ACCOUNT,TXN0070,1.0
ACC001,ACCOUNT,TRANSFERS_TO,ACC021,ACCOUNT,TXN0071,1.0
ACC001,ACCOUNT,TRANSFERS_TO,ACC019,ACCOUNT,TXN0072,1.0
ACC001,ACCOUNT,TRANSFERS_TO,ACC033,ACCOUNT,TXN0073,1.0
ACC001,ACCOUNT,TRANSFERS_TO,ACC017,ACCOUNT,TXN0074,1.0
ACC001,ACCOUNT,TRANSFERS_TO,ACC033,ACCOUNT,TXN0075,1.0
ACC001,ACCOUNT,TRANSFERS_TO,ACC005,ACCOUNT,TXN0076,1.0
ACC001,ACCOUNT,TRANSFERS_TO,ACC020,ACCOUNT,TXN0077,1.0
ACC001,ACCOUNT,TRANSFERS_TO,ACC040,ACCOUNT,TXN0078,1.0
ACC001,ACCOUNT,TRANSFERS_TO,ACC004,ACCOUNT,TXN0079,1.0
ACC001,ACCOUNT,TRANSFERS_TO,ACC037,ACCOUNT,TXN0080,1.0
P006,PERSON,INVOLVED_IN_CASE,CASE001,CASE,CASE001,0.95
P096,PERSON,INVOLVED_IN_CASE,CASE002,CASE,CASE002,0.95
P037,PERSON,INVOLVED_IN_CASE,CASE003,CASE,CASE003,0.95
P094,PERSON,INVOLVED_IN_CASE,CASE004,CASE,CASE004,0.95
P077,PERSON,INVOLVED_IN_CASE,CASE005,CASE,CASE005,0.95
P066,PERSON,INVOLVED_IN_CASE,CASE006,CASE,CASE006,0.95
P001,PERSON,INVOLVED_IN_CASE,CASE007,CASE,CASE007,0.95
P020,PERSON,INVOLVED_IN_CASE,CASE008,CASE,CASE008,0.95
P040,PERSON,INVOLVED_IN_CASE,CASE009,CASE,CASE009,0.95
P039,PERSON,INVOLVED_IN_CASE,CASE010,CASE,CASE010,0.95
P091,PERSON,INVOLVED_IN_CASE,CASE011,CASE,CASE011,0.95
P011,PERSON,INVOLVED_IN_CASE,CASE012,CASE,CASE012,0.95
P024,PERSON,INVOLVED_IN_CASE,CASE013,CASE,CASE013,0.95
P045,PERSON,INVOLVED_IN_CASE,CASE014,CASE,CASE014,0.95
P096,PERSON,INVOLVED_IN_CASE,CASE015,CASE,CASE015,0.95
P040,PERSON,INVOLVED_IN_CASE,CASE016,CASE,CASE016,0.95
P054,PERSON,INVOLVED_IN_CASE,CASE017,CASE,CASE017,0.95
P076,PERSON,INVOLVED_IN_CASE,CASE018,CASE,CASE018,0.95
P070,PERSON,INVOLVED_IN_CASE,CASE019,CASE,CASE019,0.95
P062,PERSON,INVOLVED_IN_CASE,CASE020,CASE,CASE020,0.95
P026,PERSON,INVOLVED_IN_CASE,CASE021,CASE,CASE021,0.95
P042,PERSON,INVOLVED_IN_CASE,CASE022,CASE,CASE022,0.95
P053,PERSON,INVOLVED_IN_CASE,CASE023,CASE,CASE023,0.95
P060,PERSON,INVOLVED_IN_CASE,CASE024,CASE,CASE024,0.95
P091,PERSON,INVOLVED_IN_CASE,CASE025,CASE,CASE025,0.95
P071,PERSON,INVOLVED_IN_CASE,CASE026,CASE,CASE026,0.95
P045,PERSON,INVOLVED_IN_CASE,CASE027,CASE,CASE027,0.95
P012,PERSON,INVOLVED_IN_CASE,CASE028,CASE,CASE028,0.95
P055,PERSON,INVOLVED_IN_CASE,CASE029,CASE,CASE029,0.95
P087,PERSON,INVOLVED_IN_CASE,CASE030,CASE,CASE030,0.95
P068,PERSON,INVOLVED_IN_CASE,CASE031,CASE,CASE031,0.95
P080,PERSON,INVOLVED_IN_CASE,CASE032,CASE,CASE032,0.95
P045,PERSON,INVOLVED_IN_CASE,CASE033,CASE,CASE033,0.95
P043,PERSON,INVOLVED_IN_CASE,CASE034,CASE,CASE034,0.95
P054,PERSON,INVOLVED_IN_CASE,CASE035,CASE,CASE035,0.95
P064,PERSON,INVOLVED_IN_CASE,CASE036,CASE,CASE036,0.95
P078,PERSON,INVOLVED_IN_CASE,CASE037,CASE,CASE037,0.95
P054,PERSON,INVOLVED_IN_CASE,CASE038,CASE,CASE038,0.95
P012,PERSON,INVOLVED_IN_CASE,CASE039,CASE,CASE039,0.95
P020,PERSON,INVOLVED_IN_CASE,CASE040,CASE,CASE040,0.95
P081,PERSON,CO_OCCURS_WITH,P080,PERSON,EVT001,0.85
P081,PERSON,PRESENT_AT,L001,LOCATION,EVT001,0.9
P080,PERSON,PRESENT_AT,L001,LOCATION,EVT001,0.9
P042,PERSON,CO_OCCURS_WITH,P047,PERSON,EVT002,0.85
P042,PERSON,PRESENT_AT,L002,LOCATION,EVT002,0.9
P047,PERSON,PRESENT_AT,L002,LOCATION,EVT002,0.9
P041,PERSON,CO_OCCURS_WITH,P038,PERSON,EVT003,0.85
P041,PERSON,PRESENT_AT,L003,LOCATION,EVT003,0.9
P038,PERSON,PRESENT_AT,L003,LOCATION,EVT003,0.9
P025,PERSON,CO_OCCURS_WITH,P029,PERSON,EVT004,0.85
P025,PERSON,PRESENT_AT,L004,LOCATION,EVT004,0.9
P029,PERSON,PRESENT_AT,L004,LOCATION,EVT004,0.9
P049,PERSON,CO_OCCURS_WITH,P052,PERSON,EVT005,0.85
P049,PERSON,PRESENT_AT,L005,LOCATION,EVT005,0.9
P052,PERSON,PRESENT_AT,L005,LOCATION,EVT005,0.9
P095,PERSON,CO_OCCURS_WITH,P099,PERSON,EVT006,0.85
P095,PERSON,PRESENT_AT,L006,LOCATION,EVT006,0.9
P099,PERSON,PRESENT_AT,L006,LOCATION,EVT006,0.9
P042,PERSON,CO_OCCURS_WITH,P047,PERSON,EVT007,0.85
P042,PERSON,PRESENT_AT,L007,LOCATION,EVT007,0.9
P047,PERSON,PRESENT_AT,L007,LOCATION,EVT007,0.9
P097,PERSON,CO_OCCURS_WITH,P093,PERSON,EVT008,0.85
P097,PERSON,PRESENT_AT,L008,LOCATION,EVT008,0.9
P093,PERSON,PRESENT_AT,L008,LOCATION,EVT008,0.9
P089,PERSON,CO_OCCURS_WITH,P090,PERSON,EVT009,0.85
P089,PERSON,PRESENT_AT,L001,LOCATION,EVT009,0.9
P090,PERSON,PRESENT_AT,L001,LOCATION,EVT009,0.9
P020,PERSON,CO_OCCURS_WITH,P033,PERSON,EVT010,0.85
P020,PERSON,PRESENT_AT,L002,LOCATION,EVT010,0.9
P033,PERSON,PRESENT_AT,L002,LOCATION,EVT010,0.9
P089,PERSON,CO_OCCURS_WITH,P093,PERSON,EVT011,0.85
P089,PERSON,PRESENT_AT,L003,LOCATION,EVT011,0.9
P093,PERSON,PRESENT_AT,L003,LOCATION,EVT011,0.9
P063,PERSON,CO_OCCURS_WITH,P068,PERSON,EVT012,0.85
P063,PERSON,PRESENT_AT,L004,LOCATION,EVT012,0.9
P068,PERSON,PRESENT_AT,L004,LOCATION,EVT012,0.9
P061,PERSON,CO_OCCURS_WITH,P064,PERSON,EVT013,0.85
P061,PERSON,PRESENT_AT,L005,LOCATION,EVT013,0.9
P064,PERSON,PRESENT_AT,L005,LOCATION,EVT013,0.9
P016,PERSON,CO_OCCURS_WITH,P015,PERSON,EVT014,0.85
P016,PERSON,PRESENT_AT,L006,LOCATION,EVT014,0.9
P015,PERSON,PRESENT_AT,L006,LOCATION,EVT014,0.9
P035,PERSON,CO_OCCURS_WITH,P025,PERSON,EVT015,0.85
P035,PERSON,PRESENT_AT,L007,LOCATION,EVT015,0.9
P025,PERSON,PRESENT_AT,L007,LOCATION,EVT015,0.9
P007,PERSON,CO_OCCURS_WITH,P004,PERSON,EVT016,0.85
P007,PERSON,PRESENT_AT,L008,LOCATION,EVT016,0.9
P004,PERSON,PRESENT_AT,L008,LOCATION,EVT016,0.9
P058,PERSON,CO_OCCURS_WITH,P056,PERSON,EVT017,0.85
P058,PERSON,PRESENT_AT,L001,LOCATION,EVT017,0.9
P056,PERSON,PRESENT_AT,L001,LOCATION,EVT017,0.9
P078,PERSON,CO_OCCURS_WITH,P084,PERSON,EVT018,0.85
P078,PERSON,PRESENT_AT,L002,LOCATION,EVT018,0.9
P084,PERSON,PRESENT_AT,L002,LOCATION,EVT018,0.9
P057,PERSON,CO_OCCURS_WITH,P052,PERSON,EVT019,0.85
P057,PERSON,PRESENT_AT,L003,LOCATION,EVT019,0.9
P052,PERSON,PRESENT_AT,L003,LOCATION,EVT019,0.9
P040,PERSON,CO_OCCURS_WITH,P079,PERSON,EVT020,0.85
P040,PERSON,PRESENT_AT,L004,LOCATION,EVT020,0.9
P079,PERSON,PRESENT_AT,L004,LOCATION,EVT020,0.9
P015,PERSON,CO_OCCURS_WITH,P019,PERSON,EVT021,0.85
P015,PERSON,PRESENT_AT,L005,LOCATION,EVT021,0.9
P019,PERSON,PRESENT_AT,L005,LOCATION,EVT021,0.9
P006,PERSON,CO_OCCURS_WITH,P008,PERSON,EVT022,0.85
P006,PERSON,PRESENT_AT,L006,LOCATION,EVT022,0.9
P008,PERSON,PRESENT_AT,L006,LOCATION,EVT022,0.9
P097,PERSON,CO_OCCURS_WITH,P093,PERSON,EVT023,0.85
P097,PERSON,PRESENT_AT,L007,LOCATION,EVT023,0.9
P093,PERSON,PRESENT_AT,L007,LOCATION,EVT023,0.9
P038,PERSON,CO_OCCURS_WITH,P037,PERSON,EVT024,0.85
P038,PERSON,PRESENT_AT,L008,LOCATION,EVT024,0.9
P037,PERSON,PRESENT_AT,L008,LOCATION,EVT024,0.9
P096,PERSON,CO_OCCURS_WITH,P086,PERSON,EVT025,0.85
P096,PERSON,PRESENT_AT,L001,LOCATION,EVT025,0.9
P086,PERSON,PRESENT_AT,L001,LOCATION,EVT025,0.9
P001,PERSON,CO_OCCURS_WITH,P003,PERSON,EVT026,0.85
P001,PERSON,PRESENT_AT,L002,LOCATION,EVT026,0.9
P003,PERSON,PRESENT_AT,L002,LOCATION,EVT026,0.9
P012,PERSON,CO_OCCURS_WITH,P006,PERSON,EVT027,0.85
P012,PERSON,PRESENT_AT,L003,LOCATION,EVT027,0.9
P006,PERSON,PRESENT_AT,L003,LOCATION,EVT027,0.9
P058,PERSON,CO_OCCURS_WITH,P052,PERSON,EVT028,0.85
P058,PERSON,PRESENT_AT,L004,LOCATION,EVT028,0.9
P052,PERSON,PRESENT_AT,L004,LOCATION,EVT028,0.9
P011,PERSON,CO_OCCURS_WITH,P002,PERSON,EVT029,0.85
P011,PERSON,PRESENT_AT,L005,LOCATION,EVT029,0.9
P002,PERSON,PRESENT_AT,L005,LOCATION,EVT029,0.9
P060,PERSON,CO_OCCURS_WITH,P090,PERSON,EVT030,0.85
P060,PERSON,PRESENT_AT,L006,LOCATION,EVT030,0.9
P090,PERSON,PRESENT_AT,L006,LOCATION,EVT030,0.9
P039,PERSON,CO_OCCURS_WITH,P048,PERSON,EVT031,0.85
P039,PERSON,PRESENT_AT,L007,LOCATION,EVT031,0.9
P048,PERSON,PRESENT_AT,L007,LOCATION,EVT031,0.9
P041,PERSON,CO_OCCURS_WITH,P039,PERSON,EVT032,0.85
P041,PERSON,PRESENT_AT,L008,LOCATION,EVT032,0.9
P039,PERSON,PRESENT_AT,L008,LOCATION,EVT032,0.9
P013,PERSON,CO_OCCURS_WITH,P016,PERSON,EVT033,0.85
P013,PERSON,PRESENT_AT,L001,LOCATION,EVT033,0.9
P016,PERSON,PRESENT_AT,L001,LOCATION,EVT033,0.9
P047,PERSON,CO_OCCURS_WITH,P038,PERSON,EVT034,0.85
P047,PERSON,PRESENT_AT,L002,LOCATION,EVT034,0.9
P038,PERSON,PRESENT_AT,L002,LOCATION,EVT034,0.9
P007,PERSON,CO_OCCURS_WITH,P004,PERSON,EVT035,0.85
P007,PERSON,PRESENT_AT,L003,LOCATION,EVT035,0.9
P004,PERSON,PRESENT_AT,L003,LOCATION,EVT035,0.9
P004,PERSON,CO_OCCURS_WITH,P005,PERSON,EVT036,0.85
P004,PERSON,PRESENT_AT,L004,LOCATION,EVT036,0.9
P005,PERSON,PRESENT_AT,L004,LOCATION,EVT036,0.9
P058,PERSON,CO_OCCURS_WITH,P054,PERSON,EVT037,0.85
P058,PERSON,PRESENT_AT,L005,LOCATION,EVT037,0.9
P054,PERSON,PRESENT_AT,L005,LOCATION,EVT037,0.9
P052,PERSON,CO_OCCURS_WITH,P051,PERSON,EVT038,0.85
P052,PERSON,PRESENT_AT,L006,LOCATION,EVT038,0.9
P051,PERSON,PRESENT_AT,L006,LOCATION,EVT038,0.9
P051,PERSON,CO_OCCURS_WITH,P059,PERSON,EVT039,0.85
P051,PERSON,PRESENT_AT,L007,LOCATION,EVT039,0.9
P059,PERSON,PRESENT_AT,L007,LOCATION,EVT039,0.9
P080,PERSON,CO_OCCURS_WITH,P023,PERSON,EVT040,0.85
P080,PERSON,PRESENT_AT,L008,LOCATION,EVT040,0.9
P023,PERSON,PRESENT_AT,L008,LOCATION,EVT040,0.9
